{
  "config": {
    "mode": "full",
    "rounds": 10,
    "seed": 42
  },
  "arms": [
    {
      "name": "Standard FL",
      "final_accuracy": 0.098,
      "total_kwh": 58.80001562499999,
      "total_co2_kg": 14.246111885636719,
      "accuracies": [
        0.527,
        0.098,
        0.098,
        0.098,
        0.098,
        0.098,
        0.098,
        0.098,
        0.098,
        0.098
      ],
      "cumulative_energy": [
        5.8800015624999995,
        11.760003124999999,
        17.6400046875,
        23.520006249999998,
        29.400007812499997,
        35.280009375,
        41.1600109375,
        47.040012499999996,
        52.920014062499995,
        58.80001562499999
      ]
    },
    {
      "name": "Naive Carbon-Aware",
      "final_accuracy": 0.098,
      "total_kwh": 7.000001171875001,
      "total_co2_kg": 2.145488509347656,
      "accuracies": [
        0.2603,
        0.2603,
        0.2603,
        0.2603,
        0.2603,
        0.098,
        0.098,
        0.098,
        0.098,
        0.098
      ],
      "cumulative_energy": [
        1.6800003906249998,
        1.9600003906249999,
        2.240000390625,
        2.5200003906250004,
        2.8000003906250006,
        4.48000078125,
        4.7600007812500005,
        5.040000781250001,
        5.320000781250001,
        7.000001171875001
      ]
    },
    {
      "name": "Oracle Carbon-Aware",
      "final_accuracy": 0.098,
      "total_kwh": 40.600010546875,
      "total_co2_kg": 8.858736083722656,
      "accuracies": [
        0.3119,
        0.098,
        0.098,
        0.098,
        0.098,
        0.098,
        0.098,
        0.098,
        0.098,
        0.098
      ],
      "cumulative_energy": [
        5.8800015624999995,
        10.360002734374998,
        14.840003906249997,
        17.920004687499997,
        22.400005859374996,
        25.480006640624996,
        29.960007812499995,
        33.040008593749995,
        36.120009374999995,
        40.600010546875
      ]
    }
  ]
}