{
  "config": {
    "mode": "standard",
    "rounds": 10,
    "seed": 789
  },
  "arms": [
    {
      "name": "Standard FL",
      "final_accuracy": 0.9,
      "total_kwh": 58.80001562499999,
      "total_co2_kg": 14.246111885636719,
      "accuracies": [
        0.3684,
        0.5834,
        0.6652,
        0.761,
        0.7789,
        0.818,
        0.8215,
        0.8351,
        0.8829,
        0.9
      ],
      "cumulative_energy": [
        5.8800015624999995,
        11.760003124999999,
        17.6400046875,
        23.520006249999998,
        29.400007812499997,
        35.280009375,
        41.1600109375,
        47.040012499999996,
        52.920014062499995,
        58.80001562499999
      ],
      "cumulative_co2": [
        1.186834215378906,
        2.644442502710937,
        4.210992518992187,
        5.771074533554687,
        7.279882934492187,
        8.766112129429688,
        10.270025429066406,
        11.78081833053125,
        13.081092476054687,
        14.246111885636719
      ],
      "participation": [
        [
          1,
          1,
          1,
          1
        ],
        [
          1,
          1,
          1,
          1
        ],
        [
          1,
          1,
          1,
          1
        ],
        [
          1,
          1,
          1,
          1
        ],
        [
          1,
          1,
          1,
          1
        ],
        [
          1,
          1,
          1,
          1
        ],
        [
          1,
          1,
          1,
          1
        ],
        [
          1,
          1,
          1,
          1
        ],
        [
          1,
          1,
          1,
          1
        ],
        [
          1,
          1,
          1,
          1
        ]
      ],
      "renewable_scores": [
        [
          0.4491,
          0.5117,
          0.0783,
          0.1649
        ],
        [
          0.4154,
          0.2406,
          0.0872,
          0.1827
        ],
        [
          0.441,
          0.1122,
          0.1185,
          0.2381
        ],
        [
          0.3852,
          0.1127,
          0.0667,
          0.3009
        ],
        [
          0.3509,
          0.1493,
          0.1071,
          0.3692
        ],
        [
          0.4595,
          0.1658,
          0.268,
          0.304
        ],
        [
          0.4,
          0.183,
          0.4074,
          0.1763
        ],
        [
          0.3179,
          0.2132,
          0.3954,
          0.0803
        ],
        [
          0.4059,
          0.4206,
          0.2432,
          0.072
        ],
        [
          0.3691,
          0.5588,
          0.1252,
          0.1027
        ]
      ]
    }
  ]
}