{
  "config": {
    "mode": "dp_oracle",
    "rounds": 10,
    "epsilon": 2.0,
    "delta": 1e-05
  },
  "arms": [
    {
      "name": "DP + Oracle Carbon-Aware",
      "final_accuracy": 0.0678,
      "total_kwh": 19.999999999999996,
      "total_co2_kg": 3.542626500000001,
      "accuracies": [
        0.0672,
        0.0657,
        0.0703,
        0.0706,
        0.0675,
        0.0701,
        0.067,
        0.0676,
        0.0642,
        0.0678
      ],
      "cumulative_energy": [
        2.2,
        4.4,
        5.6000000000000005,
        7.800000000000001,
        10.0,
        13.2,
        16.4,
        17.599999999999998,
        18.799999999999997,
        19.999999999999996
      ],
      "cumulative_co2": [
        0.5713260000000001,
        1.231062,
        1.3178655000000001,
        1.5782025000000002,
        1.8201645000000002,
        2.1086940000000003,
        2.4109575000000003,
        2.4400635000000004,
        3.0468060000000006,
        3.542626500000001
      ],
      "participation": [
        [
          1,
          1,
          0,
          0
        ],
        [
          1,
          1,
          0,
          0
        ],
        [
          1,
          0,
          0,
          0
        ],
        [
          1,
          0,
          0,
          1
        ],
        [
          1,
          0,
          0,
          1
        ],
        [
          1,
          0,
          1,
          1
        ],
        [
          1,
          0,
          1,
          1
        ],
        [
          0,
          0,
          1,
          0
        ],
        [
          0,
          1,
          0,
          0
        ],
        [
          0,
          1,
          0,
          0
        ]
      ],
      "renewable_scores": [
        [
          0.4491,
          0.5629,
          0.0618,
          0.1615
        ],
        [
          0.4175,
          0.4435,
          0.0439,
          0.1724
        ],
        [
          0.3888,
          0.1394,
          0.076,
          0.2427
        ],
        [
          0.4395,
          0.1286,
          0.0618,
          0.2834
        ],
        [
          0.5218,
          0.0847,
          0.1443,
          0.3379
        ],
        [
          0.4316,
          0.1569,
          0.2557,
          0.3159
        ],
        [
          0.2977,
          0.1009,
          0.3534,
          0.2968
        ],
        [
          0.2408,
          0.1714,
          0.3839,
          0.1997
        ],
        [
          0.1498,
          0.4002,
          0.1897,
          0.2221
        ],
        [
          0.2122,
          0.5556,
          0.0831,
          0.1179
        ]
      ]
    }
  ],
  "api_health": {
    "total_calls": 0,
    "provider_stats": {
      "electricity_maps": 0,
      "watttime": 0,
      "uk_grid": 0,
      "simulation": 0,
      "cache_hits": 0,
      "failures": 0
    },
    "cache_info": {},
    "dominant_source": "electricity_maps"
  }
}