{
  "config": {
    "mode": "naive",
    "rounds": 10,
    "seed": 42
  },
  "arms": [
    {
      "name": "Naive Carbon-Aware",
      "final_accuracy": 0.8908,
      "total_kwh": 29.400007421874996,
      "total_co2_kg": 4.7759772433007806,
      "accuracies": [
        0.4094,
        0.6658,
        0.7104,
        0.7646,
        0.8372,
        0.792,
        0.7631,
        0.756,
        0.8328,
        0.8908
      ],
      "cumulative_energy": [
        3.08000078125,
        4.7600011718749995,
        6.440001562499999,
        9.520002343749999,
        12.600003124999999,
        17.080004296874996,
        20.160005078124996,
        23.240005859374996,
        26.320006640624996,
        29.400007421874996
      ],
      "cumulative_co2": [
        0.8669761261328123,
        1.0485540574296872,
        1.2318756877656247,
        1.656235385441406,
        2.0659454797109373,
        2.520038386664062,
        2.743637329070312,
        2.9791418747070306,
        3.9440459266562495,
        4.7759772433007806
      ],
      "participation": [
        [
          1,
          1,
          0,
          0
        ],
        [
          1,
          0,
          0,
          0
        ],
        [
          1,
          0,
          0,
          0
        ],
        [
          1,
          0,
          0,
          1
        ],
        [
          1,
          0,
          0,
          1
        ],
        [
          1,
          0,
          1,
          1
        ],
        [
          1,
          0,
          1,
          0
        ],
        [
          1,
          0,
          1,
          0
        ],
        [
          1,
          1,
          0,
          0
        ],
        [
          1,
          1,
          0,
          0
        ]
      ],
      "renewable_scores": [
        [
          0.4491,
          0.5117,
          0.0783,
          0.1649
        ],
        [
          0.4154,
          0.2406,
          0.0872,
          0.1827
        ],
        [
          0.441,
          0.1122,
          0.1185,
          0.2381
        ],
        [
          0.3852,
          0.1127,
          0.0667,
          0.3009
        ],
        [
          0.3509,
          0.1493,
          0.1071,
          0.3692
        ],
        [
          0.4595,
          0.1658,
          0.268,
          0.304
        ],
        [
          0.4,
          0.183,
          0.4074,
          0.1763
        ],
        [
          0.3179,
          0.2132,
          0.3954,
          0.0803
        ],
        [
          0.4059,
          0.4206,
          0.2432,
          0.072
        ],
        [
          0.3691,
          0.5588,
          0.1252,
          0.1027
        ]
      ]
    }
  ]
}